name;discount/raise;Price;Rating;Release;Follows;Online;Peak
Cultivation Tales;-60%;23,99z≈Ç;37.93%;18 Apr;27,012;46;18 Apr
No Rest for the Wicked;-10%;161,10z≈Ç;58.26%;18 Apr;58,073;24,524;18 Apr
‰∏ã‰∏ÄÁ´ôÊ±üÊπñ‚Ö°;;114,99z≈Ç;62.52%;18 Apr;11,167;651;18 Apr
Lotus Lantern: Rescue Mother;-10%;41,39z≈Ç;79.03%;12 Apr;2,808;758;12 Apr
Bendy: Secrets of the Machine;;‚Äî;78.64%;14 Apr;2,178;274;14 Apr
Tinkerlands: A Shipwrecked Adventure;;‚Äî;85.72%;12 Apr;1,923;403;12 Apr
Anomaly Collapse;;91,99z≈Ç;76.89%;12 Apr;4,886;189;12 Apr
Nine Realms Prologue;;‚Äî;73.98%;15 Apr;232;222;15 Apr
Ë•øÊ∏∏ËÆ∞Âè£Ë¢ãÁâà-0.1ÊäòÊâ£Áâà;;‚Äî;76.95%;15 Apr;26;209;15 Apr
Survisland / ÂÆûÂ¢ÉÊ±ÇÁîü;-20%;43,19z≈Ç;62.81%;15 Apr;20,661;64;15 Apr
Dusk Pub;-10%;53,99z≈Ç;81.51%;12 Apr;3,741;144;12 Apr
Self Defense Dojo;-10%;44,99z≈Ç;82.79%;12 Apr;3,265;275;12 Apr
Kill It With Fire 2;-10%;61,19z≈Ç;84.16%;16 Apr;2,811;319;16 Apr
Clicker Arena;-10%;36,89z≈Ç;47.78%;15 Apr;772;73;15 Apr
Tank Team;;17,99z≈Ç;84.71%;12 Apr;568;16;12 Apr
The Crew Motorfest;-50%;144,95z≈Ç;26.81%;18 Apr;1,864;385;18 Apr
School Paranormal Laboratory;;17,99z≈Ç;51.04%;12 Apr;125;5;12 Apr
Sea of Radiation:Prologue;;‚Äî;75.49%;12 Apr;489;67;12 Apr
WOWOWOW KORONE BOX;;‚Äî;85.86%;12 Apr;910;88;12 Apr
Vivat Slovakia;-10%;125,09z≈Ç;58.05%;18 Apr;1,724;299;18 Apr
Pet Shop Simulator: Prologue;;‚Äî;75.36%;16 Apr;975;221;16 Apr
Orgasm Academy üí¶;-38%;28,51z≈Ç;82.84%;13 Apr;1,111;15;13 Apr
Handsome Me with 100 Girlfriends!;-10%;41,39z≈Ç;69.53%;12 Apr;3,251;25;12 Apr
Nexus 5X;;67,99z≈Ç;88.24%;18 Apr;7,358;98;18 Apr
Harold Halibut;-15%;137,69z≈Ç;73.86%;16 Apr;11,972;199;16 Apr
Sker Ritual;-56%;90,86z≈Ç;76.53%;18 Apr;8,719;248;18 Apr
Our Adventurer Guild;-10%;61,19z≈Ç;87.62%;12 Apr;1,708;236;12 Apr
Kingsgrave;-10%;41,39z≈Ç;66.88%;17 Apr;3,189;149;17 Apr
Island of Penance;-20%;47,99z≈Ç;54.49%;13 Apr;1,775;19;13 Apr
ÂÖ±È∏£ ReMix;-10%;20,69z≈Ç;79.28%;17 Apr;864;36;17 Apr
Survival Nation: Lost Horizon;-10%;61,19z≈Ç;56.09%;15 Apr;2,115;16;15 Apr
KitHack Model Club;-20%;63,99z≈Ç;80.72%;15 Apr;2,860;83;15 Apr
The World of Gangs;-20%;36,79z≈Ç;62.28%;16 Apr;3,429;13;16 Apr
Last Hope;-20%;73,59z≈Ç;76.58%;18 Apr;1,143;152;18 Apr
Dream Tactics;-10%;74,69z≈Ç;83.90%;15 Apr;2,424;125;15 Apr
BUNNY GARDEN;-10%;103,49z≈Ç;‚Äî;18 Apr;798;125;18 Apr
The Game of Sisyphus;-40%;19,19z≈Ç;73.04%;12 Apr;247;114;12 Apr
Vertical Kingdom;-10%;82,79z≈Ç;71.35%;15 Apr;2,586;83;15 Apr
This is a Ghost;-20%;54,39z≈Ç;83.65%;17 Apr;1,772;18;17 Apr
Redemption of Li Wei;;31,99z≈Ç;57.74%;12 Apr;304;96;12 Apr
LipTrip ~My Boss Is My Heat Suppressant?!~;-10%;44,99z≈Ç;75.66%;15 Apr;1,788;10;15 Apr
Trackline Express;-10%;61,19z≈Ç;52.39%;18 Apr;1,547;51;18 Apr
ÊçïÈ±ºÂ§ßÁé©Âíñ;;‚Äî;66.98%;12 Apr;13;2;12 Apr
Lifecraft;-10%;82,79z≈Ç;66.03%;16 Apr;1,443;52;16 Apr
SolForge Fusion;-25%;68,99z≈Ç;67.59%;16 Apr;420;36;16 Apr
BioGun;-10%;71,99z≈Ç;83.72%;16 Apr;2,746;30;16 Apr
Sun Breed;-20%;54,39z≈Ç;85.64%;16 Apr;662;52;16 Apr
A New Leaf: Memories;-20%;54,39z≈Ç;57.82%;16 Apr;3,511;37;16 Apr
Gym Manager: Prologue;;‚Äî;70.75%;17 Apr;109;37;17 Apr
Personal Study;-15%;31,44z≈Ç;81.86%;15 Apr;917;52;15 Apr
Gaming Cafe Life;-10%;24,75z≈Ç;75.71%;18 Apr;49;9;18 Apr
The Mildew Children;-15%;39,09z≈Ç;82.39%;17 Apr;1,034;46;17 Apr
My love with the GirlsGroup;-40%;70,91z≈Ç;65.25%;17 Apr;415;11;17 Apr
Tiny Hero Idle;;‚Äî;41.45%;13 Apr;17;13;13 Apr
Life Eater;-10%;61,19z≈Ç;74.51%;16 Apr;701;12;16 Apr
Alchemy Unbound;;‚Äî;59.94%;12 Apr;93;14;12 Apr
Jeepney Simulator 2;-15%;31,44z≈Ç;80.72%;12 Apr;187;3;12 Apr
World Turtles;-30%;64,39z≈Ç;71.35%;15 Apr;5,290;1;15 Apr
Gensokyo Odyssey;;22,99z≈Ç;80.54%;17 Apr;240;16;17 Apr
BIG SHOTS;;114,99z≈Ç;59.60%;18 Apr;210;7;18 Apr
Morels: The Hunt 2;-15%;78,19z≈Ç;78.30%;17 Apr;231;22;17 Apr
Yerr Out;;‚Äî;80.61%;13 Apr;278;0;13 Apr
Press Any Key;;‚Äî;79.65%;18 Apr;13;16;18 Apr
Ultimate Scroll;-30%;22,39z≈Ç;81.00%;12 Apr;275;0;12 Apr
My Hotel: Echoes of the Past;;‚Äî;69.44%;17 Apr;2,172;8;17 Apr
FreeInfantry;;‚Äî;70.75%;16 Apr;92;1;16 Apr
Oh Baby Kart;;91,99z≈Ç;55.69%;18 Apr;1,048;18;18 Apr
Before The Dawn;-15%;19,54z≈Ç;73.26%;18 Apr;326;2;18 Apr
Late Night Drift;-20%;7,19z≈Ç;78.74%;15 Apr;88;7;15 Apr
Project Entropy;;‚Äî;40.58%;17 Apr;46;13;17 Apr
Rauniot;-10%;74,69z≈Ç;75.71%;17 Apr;559;19;17 Apr
Witchcraft Survivors;-30%;16,09z≈Ç;75.77%;13 Apr;290;6;13 Apr
Arthas 2;-14%;23,65z≈Ç;52.97%;12 Apr;83;1;12 Apr
Artificer's Tower;-20%;54,39z≈Ç;59.42%;18 Apr;282;15;18 Apr
Nine Realms;-25%;18,74z≈Ç;72.93%;15 Apr;418;9;15 Apr
Scheming Through The Zombie Apocalypse Ep2: Caged;-10%;24,75z≈Ç;75.00%;16 Apr;5,865;2;16 Apr
SOUL COVENANT;-10%;208,79z≈Ç;‚Äî;18 Apr;110;7;18 Apr
CCO Car Crash Online Simulator;-20%;51,19z≈Ç;‚Äî;15 Apr;9;0;15 Apr
Steel Republic Rail Defender;-40%;55,19z≈Ç;58.33%;16 Apr;470;5;16 Apr
Himantolo;;13,49z≈Ç;62.10%;15 Apr;69;0;15 Apr
Obilia;;‚Äî;53.27%;15 Apr;165;1;15 Apr
Shikhondo: Youkai Rampage;-44%;58,30z≈Ç;71.00%;17 Apr;180;4;17 Apr
Demolition Party;-10%;16,19z≈Ç;75.10%;12 Apr;60;0;12 Apr
Steel Symphony;;‚Äî;64.78%;13 Apr;24;0;13 Apr
Abraca;-20%;32,79z≈Ç;74.53%;16 Apr;249;0;16 Apr
Armechgeddon;;36,99z≈Ç;76.25%;16 Apr;270;6;16 Apr
Chefs Together;-20%;22,00z≈Ç;81.25%;15 Apr;104;0;15 Apr
MechNest;;89,99z≈Ç;53.98%;14 Apr;200;0;14 Apr
Dodo;;13,49z≈Ç;69.20%;15 Apr;6;6;15 Apr
Heroic Kingdom: Origins;-10%;82,79z≈Ç;69.20%;15 Apr;113;4;15 Apr
Resurrection Island: Love and Victory;-10%;24,75z≈Ç;69.20%;17 Apr;142;3;17 Apr
Enter The Lost Chamber;-25%;13,49z≈Ç;75.00%;16 Apr;42;1;16 Apr
HAELE 3D - Feet Poser Pro;-40%;83,39z≈Ç;76.92%;12 Apr;1,227;1;12 Apr
Panda:Eats,Shoots and Leaves;;‚Äî;55.69%;16 Apr;18;0;16 Apr
Reigns Beyond;;22,99z≈Ç;59.60%;17 Apr;145;3;17 Apr
Soundelta;;‚Äî;59.97%;12 Apr;25;0;12 Apr
Age of Fear 5: The Day of the Rat;-15%;118,14z≈Ç;64.08%;12 Apr;214;3;12 Apr
Dot Piece Puzzle - Dotpicture;-20%;7,20z≈Ç;70.84%;12 Apr;13;1;12 Apr
GAZOLINAS;;31,99z≈Ç;‚Äî;16 Apr;18;0;16 Apr
Cthulhu's Reach: Devil Reef;-10%;41,39z≈Ç;64.78%;15 Apr;223;3;15 Apr
